Workbook

Sheet Gastos
A1: Id | B1: Descrição | C1: Data | D1: Categoria | E1: Valor | F1: Dia | G1: Este mes

Sheet Saldo
A1: Saldo atual
A2: 0

Sheet Gastos  Categoria
A1: Categoria | B1: Valor
A2: Alimentação | B2: =SUMIFS(Gastos!E:E,Gastos!D:D,A2,Gastos!G:G,true) -> 0
A3: Educação | B3: =SUMIFS(Gastos!E:E,Gastos!D:D,A3,Gastos!G:G,true) -> 0
A4: Lazer | B4: =SUMIFS(Gastos!E:E,Gastos!D:D,A4,Gastos!G:G,true) -> 0
A5: Moradia | B5: =SUMIFS(Gastos!E:E,Gastos!D:D,A5,Gastos!G:G,true) -> 0
A6: Saúde | B6: =SUMIFS(Gastos!E:E,Gastos!D:D,A6,Gastos!G:G,true) -> 0
A7: Transporte | B7: =SUMIFS(Gastos!E:E,Gastos!D:D,A7,Gastos!G:G,true) -> 0
A8: Outros | B8: =SUMIFS(Gastos!E:E,Gastos!D:D,A8,Gastos!G:G,true) -> 0
B10: =SUM(B2:B8)/30 -> 0

Sheet Gasto  Dia
A1: Dia | B1: Gasto
A2: 1 | B2: =SUMIFS(Gastos!E:E,Gastos!F:F,A2,Gastos!G:G,true) -> 0
A3: =A2+1 -> 2 | B3: =SUMIFS(Gastos!E:E,Gastos!F:F,A3,Gastos!G:G,true) -> 0
A4: =A3+1 -> 3 | B4: =SUMIFS(Gastos!E:E,Gastos!F:F,A4,Gastos!G:G,true) -> 0
A5: =A4+1 -> 4 | B5: =SUMIFS(Gastos!E:E,Gastos!F:F,A5,Gastos!G:G,true) -> 0
A6: =A5+1 -> 5 | B6: =SUMIFS(Gastos!E:E,Gastos!F:F,A6,Gastos!G:G,true) -> 0
A7: =A6+1 -> 6 | B7: =SUMIFS(Gastos!E:E,Gastos!F:F,A7,Gastos!G:G,true) -> 0
A8: =A7+1 -> 7 | B8: =SUMIFS(Gastos!E:E,Gastos!F:F,A8,Gastos!G:G,true) -> 0
A9: =A8+1 -> 8 | B9: =SUMIFS(Gastos!E:E,Gastos!F:F,A9,Gastos!G:G,true) -> 0
A10: =A9+1 -> 9 | B10: =SUMIFS(Gastos!E:E,Gastos!F:F,A10,Gastos!G:G,true) -> 0
A11: =A10+1 -> 10 | B11: =SUMIFS(Gastos!E:E,Gastos!F:F,A11,Gastos!G:G,true) -> 0
A12: =A11+1 -> 11 | B12: =SUMIFS(Gastos!E:E,Gastos!F:F,A12,Gastos!G:G,true) -> 0
A13: =A12+1 -> 12 | B13: =SUMIFS(Gastos!E:E,Gastos!F:F,A13,Gastos!G:G,true) -> 0
A14: =A13+1 -> 13 | B14: =SUMIFS(Gastos!E:E,Gastos!F:F,A14,Gastos!G:G,true) -> 0
... A32: =A31+1 -> 31 | B32: =SUMIFS(Gastos!E:E,Gastos!F:F,A32,Gastos!G:G,true) -> 0

Sheet Estado do chat
A1: Estado
A2: padrao
